seed,model,split,r2,mae_log,median_ape
0,random forest,random,0.7971331162969499,0.3096200368129313,0.1792001551654551
0,random forest,grouped,0.7911470322861306,0.3148704188164845,0.1835128477501415
1,random forest,random,0.7959221674402549,0.3103355330793206,0.1797997171731643
1,random forest,grouped,0.7931416293777636,0.3133619185593976,0.1822968553610839
2,random forest,random,0.7965228831867545,0.3098740965174362,0.1791643134416012
2,random forest,grouped,0.7930812668790934,0.3131129747476502,0.1823531995839474
3,random forest,random,0.7973955663611552,0.3093914156154623,0.1792994602465147
3,random forest,grouped,0.793190310533875,0.3133556087271931,0.1827918549230317
4,random forest,random,0.7959456408968317,0.3106243042315282,0.1793696948036923
4,random forest,grouped,0.791962077613255,0.3142903562865168,0.1832382977268847
0,gradient boosting,random,0.7254206662004938,0.38886933463267875,0.25185907745691516
0,gradient boosting,grouped,0.7234108750223744,0.3896618412575287,0.2534629688531772
1,gradient boosting,random,0.7246713345062046,0.3895498612735993,0.2531157986834389
1,gradient boosting,grouped,0.7247597898614595,0.38933189211791186,0.2535415728024969
2,gradient boosting,random,0.7258817073633654,0.38915457034030226,0.25317769303319193
2,gradient boosting,grouped,0.7256852735485659,0.38870521471292135,0.2530418704437973
3,gradient boosting,random,0.7258792670950913,0.38936883278668916,0.2540687399748659
3,gradient boosting,grouped,0.7242604994845585,0.38950087728982563,0.25367167302156823
4,gradient boosting,random,0.7229122305430367,0.39149922321887004,0.25414689232650656
4,gradient boosting,grouped,0.7218530935339835,0.3909347492748664,0.25354508468721904
