seed,model,keep_share,subset,n_train,n_test,r2,mae_log,median_ape
0,ridge,0.0,all test rows,1699485,440953,0.5590871739967225,0.511629180304267,0.3435422217018051
0,ridge,0.0,property seen in train,1699485,51107,0.5730760302745963,0.4560738926773641,0.2967746167468235
0,ridge,0.0,property not seen,1699485,389846,0.5571731221410758,0.5189122204912848,0.3503143547020164
0,ridge,1.0,all test rows,1699485,440953,0.5591287721300429,0.5114006316411359,0.3432838497870522
0,ridge,1.0,property seen in train,1699485,51107,0.5741033008097695,0.4553971408199446,0.2965681985532897
0,ridge,1.0,property not seen,1699485,389846,0.5571059021937088,0.5187424291852909,0.3501467277512678
0,random forest,0.0,all test rows,1699485,440953,0.7925327181167939,0.3146159022026945,0.183661888905344
0,random forest,0.0,property seen in train,1699485,51107,0.7960369297231824,0.2860866014500127,0.1688109521035959
0,random forest,0.0,property not seen,1699485,389846,0.7919720110919146,0.3183559610299425,0.1860092239176654
0,random forest,0.25,all test rows,1699485,440953,0.7927365029128826,0.3140716595321505,0.1828282456439439
0,random forest,0.25,property seen in train,1699485,51107,0.8072935413287362,0.2744998101642825,0.1588930812207751
0,random forest,0.25,property not seen,1699485,389846,0.790955345571781,0.3192593451968581,0.1864687219723885
0,random forest,0.5,all test rows,1699485,440953,0.794769756895093,0.3121304523266343,0.181646592562817
0,random forest,0.5,property seen in train,1699485,51107,0.818906707244885,0.2636869252811297,0.1504152301221991
0,random forest,0.5,property not seen,1699485,389846,0.7919323427327728,0.3184811737312777,0.1864353241589695
0,random forest,0.75,all test rows,1699485,440953,0.7954831862659191,0.3113363499715135,0.1807159361036925
0,random forest,0.75,property seen in train,1699485,51107,0.8285855830178609,0.2545716311668285,0.1445125809498697
0,random forest,0.75,property not seen,1699485,389846,0.791656268765853,0.3187779409688588,0.1863752525682629
0,random forest,1.0,all test rows,1699485,440953,0.7961742932668777,0.3106289263975065,0.179663049872629
0,random forest,1.0,property seen in train,1699485,51107,0.8378790281593682,0.2461694696499001,0.1394270202256318
0,random forest,1.0,property not seen,1699485,389846,0.7913979536651792,0.3190792618017429,0.1860786089401711
1,ridge,0.0,all test rows,1699682,441103,0.5612854125339195,0.5107597750402814,0.3429019885209667
1,ridge,0.0,property seen in train,1699682,50676,0.5743902939660224,0.456004886689622,0.3012461328571109
1,ridge,0.0,property not seen,1699682,390427,0.5594367660872506,0.5178667597571631,0.3491530072576586
1,ridge,1.0,all test rows,1699682,441103,0.561335767734885,0.5105823562161718,0.3426722232765087
1,ridge,1.0,property seen in train,1699682,50676,0.5753877260919429,0.4554122450106644,0.3015547972393221
1,ridge,1.0,property not seen,1699682,390427,0.5593842827533756,0.5177432353445371,0.3488742997071477
1,random forest,0.0,all test rows,1699682,441103,0.7922554868912545,0.3148311533375186,0.183735951636318
1,random forest,0.0,property seen in train,1699682,50676,0.7988810661808549,0.2835474842472519,0.1678028313883503
1,random forest,0.0,property not seen,1699682,390427,0.7913344672375449,0.3188916594367853,0.1860088923342102
1,random forest,0.25,all test rows,1699682,441103,0.7934215626688055,0.3134142362591939,0.1821678339416497
1,random forest,0.25,property seen in train,1699682,50676,0.8105963459940867,0.2706193727977221,0.156412745661698
1,random forest,0.25,property not seen,1699682,390427,0.7913556418443892,0.3189688533855033,0.1862539788219022
1,random forest,0.5,all test rows,1699682,441103,0.7935839584873179,0.3130241669350446,0.1817458384397459
1,random forest,0.5,property seen in train,1699682,50676,0.8201952915640203,0.2624148435647023,0.1505425160344802
1,random forest,0.5,property not seen,1699682,390427,0.7904930393356991,0.3195930724439245,0.1866285342651026
1,random forest,0.75,all test rows,1699682,441103,0.7943187394638576,0.3120668249171421,0.1809380228326965
1,random forest,0.75,property seen in train,1699682,50676,0.8296047509536584,0.2528385835882417,0.1436682516267305
1,random forest,0.75,property not seen,1699682,390427,0.79028614363386,0.3197544345281151,0.1867734467813498
1,random forest,1.0,all test rows,1699682,441103,0.7948369242899881,0.3114835814960697,0.180545331080783
1,random forest,1.0,property seen in train,1699682,50676,0.8389393442869978,0.2446900447131157,0.1388715532154454
1,random forest,1.0,property not seen,1699682,390427,0.789847044878698,0.3201531388525357,0.1870365804181355
2,ridge,0.0,all test rows,1699820,440665,0.561111660022331,0.5112836053230294,0.3437685012968552
2,ridge,0.0,property seen in train,1699820,51012,0.5712917318486745,0.4564077232737135,0.2977023365638699
2,ridge,0.0,property not seen,1699820,389653,0.5595992610056548,0.5184677627531009,0.3501654053987146
2,ridge,1.0,all test rows,1699820,440665,0.5611733184650882,0.5111123750904115,0.3436069653184532
2,ridge,1.0,property seen in train,1699820,51012,0.5723368980972101,0.455806280396773,0.2984447184332888
2,ridge,1.0,property not seen,1699820,389653,0.5595539966095155,0.5183528544464331,0.3499210492911336
2,random forest,0.0,all test rows,1699820,440665,0.7925495118136223,0.3145926989083608,0.1835572460216805
2,random forest,0.0,property seen in train,1699820,51012,0.7957573368047471,0.2851966977469075,0.1684066423898151
2,random forest,0.0,property not seen,1699820,389653,0.7920091169418415,0.3184411199682476,0.1858479695641349
2,random forest,0.25,all test rows,1699820,440665,0.7933204105984953,0.3135628432168302,0.1826157385509352
2,random forest,0.25,property seen in train,1699820,51012,0.8063867311510131,0.2737271163942257,0.159478409714172
2,random forest,0.25,property not seen,1699820,389653,0.7917083825556976,0.3187779964343717,0.1859850645313961
2,random forest,0.5,all test rows,1699820,440665,0.7946351396847405,0.3122428092547019,0.1816697569140305
2,random forest,0.5,property seen in train,1699820,51012,0.8172738387621912,0.2637037100522588,0.1518941796060913
2,random forest,0.5,property not seen,1699820,389653,0.7919831024014312,0.3185973773666246,0.1862103187748408
2,random forest,0.75,all test rows,1699820,440665,0.7948281360198861,0.3117102040330426,0.1809108488019442
2,random forest,0.75,property seen in train,1699820,51012,0.8271012827927593,0.2547361722689734,0.1462108044877016
2,random forest,0.75,property not seen,1699820,389653,0.791128302693286,0.3191690438426904,0.1862319859236005
2,random forest,1.0,all test rows,1699820,440665,0.7966061258665533,0.3103109572429978,0.1796913140139358
2,random forest,1.0,property seen in train,1699820,51012,0.8366265442047592,0.2464123721064371,0.1408236354874031
2,random forest,1.0,property not seen,1699820,389653,0.7920652344395637,0.318676335220291,0.1858391994678537
3,ridge,0.0,all test rows,1699773,440961,0.5625368784251923,0.5103800329029189,0.3443316053124691
3,ridge,0.0,property seen in train,1699773,50596,0.5797899324847657,0.455272344199206,0.3012577658345708
3,ridge,0.0,property not seen,1699773,390365,0.5602748441208683,0.5175226522915758,0.3504199974993658
3,ridge,1.0,all test rows,1699773,440961,0.5625723957868085,0.5101587455115925,0.3439064447941532
3,ridge,1.0,property seen in train,1699773,50596,0.580827326174481,0.4546403223821658,0.301426817843437
3,ridge,1.0,property not seen,1699773,390365,0.5602019273164645,0.5173546010228613,0.350137312060959
3,random forest,0.0,all test rows,1699773,440961,0.793327002695463,0.3139901121515276,0.1835006917743122
3,random forest,0.0,property seen in train,1699773,50596,0.8007697767242408,0.283763477883903,0.1691772798127556
3,random forest,0.0,property not seen,1699773,390365,0.7923350073306487,0.3179078475719796,0.1855130632375397
3,random forest,0.25,all test rows,1699773,440961,0.7940571793401836,0.3131847095739476,0.1826908678245835
3,random forest,0.25,property seen in train,1699773,50596,0.8118454434261821,0.2723786392473055,0.1586292474754125
3,random forest,0.25,property not seen,1699773,390365,0.791945807772113,0.3184736671757991,0.1862441444838614
3,random forest,0.5,all test rows,1699773,440961,0.7948074376613068,0.3121384742839801,0.1820979878709027
3,random forest,0.5,property seen in train,1699773,50596,0.8208072393315246,0.263388810605501,0.1524214880932866
3,random forest,0.5,property not seen,1699773,390365,0.7918077361472422,0.318457017143807,0.1864063290565988
3,random forest,0.75,all test rows,1699773,440961,0.7957733468322896,0.3110022050393966,0.1810041705746472
3,random forest,0.75,property seen in train,1699773,50596,0.8304234578008469,0.2541178448001093,0.1463677540813062
3,random forest,0.75,property not seen,1699773,390365,0.7918380069238469,0.3183751024320086,0.1863638096395486
3,random forest,1.0,all test rows,1699773,440961,0.7966971735000992,0.3103725953101838,0.1802780682792453
3,random forest,1.0,property seen in train,1699773,50596,0.8409759920101436,0.2452656446352936,0.1410401264260349
3,random forest,1.0,property not seen,1699773,390365,0.7917202329202766,0.3188112393390971,0.1864689643893246
4,ridge,0.0,all test rows,1699859,440884,0.5609685507028361,0.5111691442462619,0.3430551763723324
4,ridge,0.0,property seen in train,1699859,50429,0.5809313010008214,0.4534278430943909,0.2969303447114353
4,ridge,0.0,property not seen,1699859,390455,0.5584254883680506,0.5186266901242446,0.3497754106029949
4,ridge,1.0,all test rows,1699859,440884,0.5610065002846036,0.5109477020482784,0.3428695956819901
4,ridge,1.0,property seen in train,1699859,50429,0.582135368834477,0.4526443415401396,0.29805835084251
4,ridge,1.0,property not seen,1699859,390455,0.5583377450921685,0.518477840392172,0.3496188733884935
4,random forest,0.0,all test rows,1699859,440884,0.7913969477909539,0.315693359621869,0.1841085202176239
4,random forest,0.0,property seen in train,1699859,50429,0.7972770682855618,0.2859932183630934,0.1689525518504149
4,random forest,0.0,property not seen,1699859,390455,0.7905773116069812,0.3195292649721368,0.186316363749517
4,random forest,0.25,all test rows,1699859,440884,0.792675507309935,0.3142194321470452,0.1827934224560666
4,random forest,0.25,property seen in train,1699859,50429,0.8089278110143342,0.272908439882809,0.1572031198853006
4,random forest,0.25,property not seen,1699859,390455,0.7907387179661627,0.3195549305499167,0.1865602370973822
4,random forest,0.5,all test rows,1699859,440884,0.7939141516828931,0.3129581872375625,0.1816783937638488
4,random forest,0.5,property seen in train,1699859,50429,0.8202675551179913,0.2624515200532348,0.1495443580476447
4,random forest,0.5,property not seen,1699859,390455,0.7908894008896338,0.3194813479588709,0.1866445267137866
4,random forest,0.75,all test rows,1699859,440884,0.7942974680018471,0.3121478494408357,0.1807444964512687
4,random forest,0.75,property seen in train,1699859,50429,0.8293425630623743,0.2537878373695608,0.1440677597415174
4,random forest,0.75,property not seen,1699859,390455,0.7903359517537002,0.3196853045860953,0.1863751009963276
4,random forest,1.0,all test rows,1699859,440884,0.7941442932793356,0.311864994384141,0.1801861328376459
4,random forest,1.0,property seen in train,1699859,50429,0.8380676978994082,0.2458237096506011,0.1386748140767044
4,random forest,1.0,property not seen,1699859,390455,0.7892254136154835,0.3203945200601542,0.1867346209047803
0,gradient boosting,0.0,all test rows,1699485,440953,0.7243093659938082,0.3903574645523267,0.25410497441861657
0,gradient boosting,0.0,property seen in train,1699485,51107,0.7402525608153141,0.3460866011489948,0.22391261539895324
0,gradient boosting,0.0,property not seen,1699485,389846,0.7223178320572701,0.3961611691329922,0.2585807335234995
0,gradient boosting,1.0,all test rows,1699485,440953,0.7236473378185329,0.39043612019113433,0.25331616674416013
0,gradient boosting,1.0,property seen in train,1699485,51107,0.7457176528264289,0.3406126178925763,0.21746770479805144
0,gradient boosting,1.0,property not seen,1699485,389846,0.7209785999061786,0.3969677499422986,0.25860673002664986
1,gradient boosting,0.0,all test rows,1699682,441103,0.7226653813735047,0.39157871175825515,0.2549144474216781
1,gradient boosting,0.0,property seen in train,1699682,50676,0.742255709356259,0.3457333441274596,0.22609722235600993
1,gradient boosting,0.0,property not seen,1699682,390427,0.7202685034366031,0.39752927319498516,0.25925178075178557
1,gradient boosting,1.0,all test rows,1699682,441103,0.7254608705744985,0.3890991377300893,0.2528057610352492
1,gradient boosting,1.0,property seen in train,1699682,50676,0.7501037839190023,0.3383817341692952,0.21956492133461064
1,gradient boosting,1.0,property not seen,1699682,390427,0.7225178043733507,0.3956820716533241,0.25785337145441045
2,gradient boosting,0.0,all test rows,1699820,440665,0.7224317506113733,0.39212315086970584,0.25592090189753947
2,gradient boosting,0.0,property seen in train,1699820,51012,0.7366553549009911,0.34782251063658404,0.22754101290800055
2,gradient boosting,0.0,property not seen,1699820,389653,0.720628413352397,0.3979228348438367,0.260313317335493
2,gradient boosting,1.0,all test rows,1699820,440665,0.726402416400335,0.38875310801641016,0.25313977557916156
2,gradient boosting,1.0,property seen in train,1699820,51012,0.7456423188049623,0.3399516502874124,0.21970710225900947
2,gradient boosting,1.0,property not seen,1699820,389653,0.7240571027746558,0.3951420231836785,0.25806622069048535
3,gradient boosting,0.0,all test rows,1699773,440961,0.7249227988848927,0.39094438358405736,0.2558460789747009
3,gradient boosting,0.0,property seen in train,1699773,50596,0.7463382735753913,0.3437756513127367,0.22479904086683183
3,gradient boosting,0.0,property not seen,1699773,390365,0.7223564425126968,0.39705801871528007,0.2604128001002104
3,gradient boosting,1.0,all test rows,1699773,440961,0.726964349383153,0.3884781217808517,0.25317395641104723
3,gradient boosting,1.0,property seen in train,1699773,50596,0.752517618453066,0.3379743868888895,0.2193617857109308
3,gradient boosting,1.0,property not seen,1699773,390365,0.7239518623425294,0.395024013371014,0.2581505206920638
4,gradient boosting,0.0,all test rows,1699859,440884,0.7234333196744154,0.39174458887140107,0.25527661993728085
4,gradient boosting,0.0,property seen in train,1699859,50429,0.7436434658710216,0.3451677395573675,0.22476717621547748
4,gradient boosting,0.0,property not seen,1699859,390455,0.7210081825134367,0.397760196134869,0.2597385255330491
4,gradient boosting,1.0,all test rows,1699859,440884,0.7226019552913763,0.3916206394959259,0.254307005878227
4,gradient boosting,1.0,property seen in train,1699859,50429,0.7475506818306697,0.340720691689733,0.21951049921549193
4,gradient boosting,1.0,property not seen,1699859,390455,0.7196651816719241,0.3981945941588666,0.25950357896123566
